Frame,So_Xe,FPS
1,4,0.11
2,5,3.03
3,5,4.92
4,5,6.74
5,5,8.34
6,5,9.57
7,5,10.58
8,5,11.6
9,5,12.46
10,5,12.97
11,5,13.36
12,5,14.05
13,5,14.46
14,5,14.87
15,5,15.06
16,5,15.16
17,5,15.0
18,5,14.68
19,5,14.79
20,5,14.64
21,5,14.97
22,5,15.19
23,5,15.07
24,5,15.08
25,5,15.19
26,5,15.27
27,5,15.16
28,5,15.27
29,5,15.71
30,5,15.64
31,3,15.88
32,3,15.66
33,3,15.79
34,3,16.12
35,3,16.23
36,3,15.93
37,3,16.43
38,3,16.5
39,3,16.58
40,3,16.3
41,3,16.52
42,3,16.68
43,3,16.6
44,3,16.41
45,3,16.37
46,4,16.62
47,4,16.33
48,4,16.5
49,4,16.33
50,4,16.34
51,4,16.37
52,4,16.16
53,4,15.86
54,4,15.87
55,4,16.28
56,4,16.75
57,4,16.45
58,4,16.35
59,4,16.55
60,4,16.36
61,4,16.46
62,4,15.87
63,4,16.29
64,4,16.59
65,4,16.26
66,4,15.93
67,4,15.74
68,4,16.07
69,4,16.0
70,4,16.14
71,4,16.17
72,4,16.72
73,4,16.8
74,4,16.48
75,4,16.45
76,4,16.43
77,3,16.39
78,3,16.68
79,3,16.6
80,3,16.87
81,3,17.15
82,3,17.52
83,3,17.88
84,3,17.43
85,3,17.39
86,3,17.78
87,3,17.18
88,3,16.91
89,3,16.57
90,3,16.35
91,3,16.23
92,3,16.12
93,3,16.22
94,3,16.67
95,3,16.99
96,3,17.32
97,3,17.63
98,3,17.82
99,3,17.88
100,3,17.5
101,3,17.38
102,3,17.7
103,3,17.57
104,3,17.26
105,3,16.69
106,3,16.63
107,3,16.85
108,3,17.04
109,3,17.28
110,3,17.48
111,3,17.6
112,3,17.43
113,3,17.08
114,3,16.96
115,3,16.88
116,3,16.9
117,3,17.05
118,3,16.9
119,3,17.19
120,3,17.07
121,3,17.48
122,3,17.19
123,3,17.31
124,3,17.46
125,3,17.21
126,3,16.91
127,3,17.07
128,3,17.03
129,3,16.83
130,3,16.73
131,3,16.53
132,3,16.61
133,3,16.62
134,3,16.89
135,3,16.98
136,3,16.97
137,3,17.23
138,3,17.27
139,3,17.06
140,3,16.75
141,3,16.55
142,3,16.79
143,3,17.08
144,3,17.52
145,3,17.08
146,3,17.05
147,3,17.23
148,3,17.67
149,3,17.84
150,3,18.04
151,3,18.17
152,3,18.08
153,3,18.02
154,3,18.03
155,3,17.87
156,3,17.87
157,3,17.95
158,3,17.64
159,3,17.44
160,3,17.58
161,3,17.38
162,3,17.64
163,3,17.77
164,3,17.96
165,3,18.07
166,3,18.14
167,3,18.28
168,3,17.65
169,3,17.23
170,3,17.37
171,3,17.62
172,3,17.58
173,3,17.8
174,3,17.89
175,3,17.48
176,3,17.09
177,3,16.72
178,3,17.06
179,3,16.77
180,3,16.72
181,3,16.78
182,3,17.0
183,3,17.35
184,3,17.51
185,3,17.56
186,3,17.17
187,3,17.12
188,3,17.31
189,3,17.65
190,3,17.53
191,3,17.6
192,3,17.54
193,3,17.59
194,3,17.83
195,3,17.98
196,3,17.8
197,3,17.37
198,3,16.83
199,3,16.83
200,3,16.65
201,3,16.96
202,3,17.19
203,3,17.45
204,3,17.71
205,3,17.58
206,3,17.47
207,3,17.23
208,3,17.44
209,3,17.13
210,3,17.19
211,3,17.07
212,3,17.04
213,3,17.2
214,3,16.9
215,3,17.0
216,3,16.53
217,3,16.53
218,3,16.81
219,3,16.84
220,3,16.73
221,3,16.86
222,3,17.16
223,4,17.26
224,4,17.57
225,4,17.52
226,4,17.05
227,4,16.65
228,4,16.57
229,4,16.54
230,4,16.4
231,4,16.44
232,4,16.88
233,4,16.73
234,4,16.41
235,4,16.1
236,4,16.18
237,4,15.86
238,4,16.1
239,4,16.11
240,4,15.9
241,4,15.72
242,4,14.7
243,4,14.37
244,4,14.75
245,4,14.86
246,4,13.69
247,4,12.07
248,4,11.4
249,4,10.81
250,4,10.27
251,4,9.69
252,3,9.5
253,3,9.43
254,3,9.38
255,3,9.27
256,3,9.05
257,3,8.69
258,3,8.81
259,3,8.92
260,3,8.92
261,3,9.27
262,3,10.15
263,3,10.81
264,3,11.17
265,3,11.12
266,3,10.94
267,3,11.33
268,3,12.47
269,3,13.24
270,3,13.83
271,3,14.59
272,3,15.18
273,3,15.19
274,3,15.23
275,3,15.8
276,3,15.88
277,3,16.29
278,3,16.71
279,3,17.01
280,4,16.87
281,4,16.86
282,4,16.58
283,4,16.66
284,4,16.93
285,4,17.08
286,4,17.32
287,4,17.07
288,4,17.32
289,4,17.3
290,4,17.0
291,4,17.33
292,6,17.69
293,6,17.58
294,6,17.1
295,6,17.35
296,6,17.52
297,6,16.9
298,6,17.44
299,6,17.69
300,6,16.68
301,8,16.4
302,8,15.52
303,8,14.93
304,8,15.51
305,8,15.4
306,8,15.35
307,8,15.67
308,8,15.92
309,8,16.18
310,8,15.14
311,8,13.88
312,7,14.29
313,7,15.01
314,7,15.65
315,7,16.0
316,7,16.72
317,7,16.75
318,7,16.37
319,7,16.69
320,7,16.95
321,6,17.29
322,6,17.68
323,6,17.39
324,6,17.01
325,6,17.1
326,5,16.9
327,5,16.71
328,5,16.42
329,3,16.35
330,3,16.74
331,3,16.88
332,3,17.27
333,3,17.37
334,3,17.47
335,3,17.42
336,3,17.4
337,3,17.0
338,3,17.06
339,3,17.43
340,3,17.45
341,3,17.75
342,3,17.63
343,3,17.55
344,3,17.33
345,4,17.45
346,4,17.31
347,4,17.19
348,4,17.38
349,4,16.99
350,4,16.9
351,4,16.74
352,4,17.04
353,4,17.03
354,4,17.04
355,4,17.27
356,4,17.33
357,4,17.54
358,4,17.55
359,4,17.86
360,4,18.29
361,4,17.8
362,4,17.62
363,4,17.47
364,4,17.62
365,4,17.55
366,4,17.06
367,4,17.22
368,4,17.38
369,4,17.33
370,4,17.28
371,4,17.55
372,4,17.56
373,4,17.59
374,4,17.56
375,4,17.65
376,3,17.78
377,3,17.8
378,3,17.97
379,3,18.03
380,3,18.2
381,3,18.39
382,3,18.33
383,3,17.92
384,3,17.49
385,3,17.24
386,3,17.13
387,3,16.86
388,3,16.62
389,3,17.15
390,3,16.98
391,3,16.84
392,3,16.75
393,3,17.04
394,3,17.16
395,3,17.4
396,3,17.61
397,3,17.33
398,3,17.34
399,3,17.2
400,3,16.75
401,3,16.44
402,3,16.48
403,3,16.85
404,3,17.09
405,3,17.36
406,3,17.52
407,3,17.72
408,3,17.67
409,3,17.85
410,3,18.01
411,3,17.88
412,3,17.92
413,3,17.68
414,3,17.58
415,3,17.47
416,3,17.61
417,3,17.59
418,3,17.29
419,3,16.69
420,3,16.74
421,3,16.95
422,3,17.31
423,3,17.35
424,3,17.2
425,3,17.36
426,3,17.55
427,3,17.91
428,3,17.64
429,3,17.73
430,3,17.74
431,3,17.41
432,3,17.51
433,3,17.72
434,3,18.01
435,3,18.3
436,3,17.92
437,3,17.64
438,3,17.43
439,3,17.52
440,3,17.81
441,3,17.5
442,3,17.33
443,3,17.4
444,3,17.6
445,3,17.37
446,3,17.5
447,3,17.2
448,3,16.92
449,3,16.9
450,3,16.07
451,3,14.76
452,3,13.96
453,3,13.15
454,3,12.33
455,3,11.54
456,3,10.86
457,3,10.32
458,3,9.91
459,3,9.76
460,3,9.83
461,3,10.21
462,3,10.61
463,3,10.73
464,3,10.53
465,3,11.34
466,3,11.37
467,3,11.73
468,3,12.51
469,3,12.93
470,3,14.04
471,3,14.65
472,3,15.62
473,3,16.3
474,3,16.54
475,3,16.33
476,3,16.5
477,3,16.73
478,3,16.72
479,3,16.31
480,3,16.35
481,3,16.39
482,3,16.38
483,3,16.24
484,3,16.61
485,3,16.82
486,3,16.56
487,3,15.83
488,3,15.55
489,3,15.95
490,3,16.07
491,3,15.8
492,3,15.71
493,3,16.0
494,3,16.32
495,3,16.85
496,3,16.65
497,3,16.2
498,3,16.6
499,3,16.41
500,3,16.98
501,3,16.61
502,3,16.42
503,3,16.41
504,3,16.67
505,3,16.93
506,3,17.08
507,3,17.12
508,3,16.83
509,3,16.7
510,3,17.17
511,3,16.83
512,3,17.12
513,3,16.62
514,3,16.03
515,3,16.02
516,3,15.88
517,3,15.9
518,3,15.77
519,3,16.04
520,3,16.2
521,3,16.38
522,4,16.42
523,4,16.81
524,4,16.83
525,4,17.18
526,4,17.61
527,4,17.79
528,4,18.08
529,4,18.12
530,4,18.18
531,4,18.45
532,4,18.38
533,4,17.9
534,4,18.03
535,4,18.0
536,4,17.95
537,4,17.64
538,4,17.74
539,4,17.64
540,4,17.5
541,4,17.26
542,4,17.56
543,4,17.6
544,4,17.52
545,4,17.07
546,4,16.97
547,4,17.29
548,4,16.92
549,4,16.92
550,4,16.37
551,3,15.52
552,3,15.72
553,3,16.05
554,3,16.11
555,3,16.68
556,3,16.76
557,3,16.87
558,3,16.99
559,3,16.7
560,3,16.96
561,3,16.9
562,3,16.85
563,3,16.97
564,3,16.99
565,3,17.48
566,3,17.45
567,3,17.72
568,3,17.66
569,3,17.9
570,3,18.18
571,3,17.68
572,3,17.37
573,3,17.15
574,3,17.51
575,3,17.42
576,3,17.25
577,3,17.01
578,3,17.29
579,4,17.12
580,4,16.73
581,4,16.69
582,4,16.28
583,4,16.75
584,4,17.2
585,4,17.2
586,4,17.63
587,4,17.84
588,4,17.5
589,4,17.76
590,4,17.31
591,6,16.93
592,6,16.8
593,6,17.15
594,6,16.95
595,6,16.89
596,6,16.71
597,6,16.93
598,6,17.4
599,6,16.33
600,8,15.81
601,8,15.25
602,8,14.73
603,8,14.59
604,8,14.6
605,8,14.52
606,8,14.47
607,8,14.44
608,8,14.43
609,8,14.37
610,8,14.61
611,7,14.62
612,7,15.02
613,7,15.04
614,7,15.33
615,7,15.59
616,7,15.73
617,7,15.8
618,7,15.95
619,7,16.09
620,6,16.18
621,6,16.54
622,6,16.7
623,6,16.15
624,6,16.34
625,5,15.98
626,5,15.57
627,5,15.72
628,3,15.62
629,3,15.73
630,3,15.82
631,3,15.92
632,3,15.8
633,3,16.03
634,3,16.15
635,3,16.68
636,3,16.85
637,3,16.77
638,3,17.05
639,3,17.19
640,3,17.46
641,3,17.66
642,3,17.49
643,3,17.02
644,4,17.22
645,4,16.84
646,4,16.73
647,4,17.18
648,4,17.53
649,4,17.75
650,4,17.72
651,4,18.03
652,4,17.91
653,4,17.77
654,4,17.52
655,4,17.55
656,4,17.51
657,4,17.33
658,4,17.18
659,4,17.25
660,4,16.99
661,4,16.98
662,4,17.36
663,4,17.62
664,4,17.23
665,4,16.62
666,4,16.58
667,4,16.94
668,4,16.51
669,4,16.55
670,4,16.49
671,4,16.76
672,4,16.61
673,4,16.68
674,4,16.81
675,3,16.86
676,3,16.62
677,3,16.49
678,3,16.45
679,3,16.84
680,3,16.98
681,3,16.88
682,3,16.61
683,3,16.73
684,3,17.15
685,3,17.36
686,3,17.46
687,3,17.25
688,3,17.19
689,3,17.28
690,3,17.13
691,3,16.77
692,3,16.63
693,3,16.53
694,3,16.28
695,3,16.31
696,3,16.7
697,3,16.38
698,3,16.66
699,3,16.95
700,3,16.98
701,3,16.68
702,3,16.93
703,3,16.95
704,3,16.76
705,3,17.16
706,3,17.33
707,3,17.58
708,3,17.67
709,3,17.43
710,3,17.38
711,3,17.34
712,3,16.89
713,3,16.37
714,3,16.27
715,3,16.57
716,3,16.34
717,3,16.69
718,3,16.7
719,3,16.86
720,3,16.24
721,3,15.68
722,3,15.22
723,3,15.54
724,3,15.79
725,3,16.44
726,3,16.81
727,3,16.76
728,3,16.85
729,3,17.12
730,3,17.21
731,3,17.03
732,3,16.98
733,3,16.91
734,3,16.73
735,3,16.63
736,3,16.94
737,3,16.89
738,3,16.85
739,3,17.16
740,3,16.9
741,3,16.75
742,3,17.06
743,3,16.83
744,3,16.69
745,3,16.61
746,3,16.51
747,3,16.91
748,3,17.16
749,3,17.2
750,3,17.11
751,3,17.07
752,3,16.5
753,3,16.6
754,3,16.67
755,3,16.89
756,3,16.75
757,3,17.01
758,3,17.13
759,3,17.29
760,3,17.7
761,3,17.41
762,3,17.09
763,3,17.19
764,3,17.15
765,3,16.96
766,3,16.99
767,3,16.78
768,3,16.71
769,3,16.99
770,3,17.2
771,3,17.61
772,3,17.96
773,3,18.1
774,3,17.96
775,3,17.64
776,3,17.95
777,3,17.56
778,3,17.65
779,3,17.66
780,3,17.77
781,3,17.51
782,3,17.22
783,3,17.59
784,3,17.83
785,3,18.09
786,3,17.89
787,3,17.72
788,3,17.38
789,3,17.29
790,3,17.56
791,3,17.42
792,3,17.31
793,3,16.97
794,3,16.79
795,3,16.99
796,3,16.79
797,3,16.91
798,3,16.78
799,3,17.26
800,3,17.45
801,3,17.43
802,3,17.5
803,3,17.33
804,3,17.46
805,3,17.57
806,3,17.77
807,3,17.43
808,3,17.31
809,3,17.67
810,3,17.9
811,3,17.87
812,3,17.8
813,3,17.36
814,3,17.56
815,3,17.81
816,3,17.74
817,3,17.19
818,3,17.22
819,3,17.24
820,3,17.59
821,4,17.79
822,4,18.08
823,4,18.18
824,4,18.3
825,4,18.31
826,4,18.18
827,4,18.31
828,4,18.14
829,4,18.38
830,4,18.13
831,4,18.36
832,4,18.07
833,4,17.71
834,4,17.9
835,4,17.98
836,4,17.86
837,4,17.75
838,4,17.48
839,4,17.47
840,4,17.22
841,4,17.08
842,4,17.28
843,4,17.5
844,4,17.04
845,4,16.36
846,4,16.57
847,4,16.71
848,4,16.84
849,4,16.84
850,3,17.0
851,3,17.04
852,3,16.95
853,3,16.97
854,3,17.14
855,3,17.03
856,3,17.4
857,3,17.39
858,3,16.95
859,3,16.86
860,3,17.12
861,3,17.58
862,3,17.84
863,3,17.89
864,3,18.15
865,3,18.15
866,3,18.45
867,3,17.92
868,3,17.44
869,3,17.59
870,3,17.75
871,3,17.75
872,3,17.73
873,3,18.0
874,3,17.94
875,3,18.04
876,3,18.08
877,3,17.92
878,4,17.55
879,4,17.19
880,4,17.15
881,4,17.12
882,4,17.05
883,4,17.09
884,4,16.94
885,4,16.85
886,4,17.2
887,4,16.96
888,4,17.09
889,4,17.51
890,6,17.8
891,6,18.17
892,6,18.39
893,6,18.51
894,6,18.52
895,6,18.36
896,6,17.9
897,6,17.87
898,6,16.74
899,8,16.44
900,8,16.2
901,8,15.97
902,8,15.92
903,8,15.88
904,8,15.73
905,8,15.41
906,8,15.54
907,8,15.67
908,8,15.69
909,8,15.86
910,7,16.03
911,7,16.11
912,7,16.09
913,7,16.3
914,7,16.49
915,7,16.55
916,7,16.71
917,7,16.69
918,7,16.78
919,6,16.82
920,6,16.68
921,6,16.48
922,6,16.54
923,6,16.57
924,5,16.54
925,5,16.55
926,5,16.35
927,3,16.48
928,3,16.46
929,3,15.97
930,3,16.19
931,3,16.31
932,3,16.71
933,3,16.86
934,3,17.07
935,3,17.18
936,3,17.29
937,3,17.35
938,3,17.38
939,3,17.46
940,3,17.36
941,3,17.51
942,3,17.51
943,4,17.49
944,4,17.29
945,4,16.86
946,4,16.81
947,4,16.47
948,4,16.08
949,4,15.41
950,4,15.04
951,4,15.33
952,4,15.79
953,4,16.13
954,4,15.33
955,4,14.75
956,4,13.69
957,4,13.33
958,4,12.63
959,4,12.42
960,4,12.38
961,4,12.29
962,4,12.46
963,4,11.75
964,4,11.75
965,4,12.05
966,4,11.9
967,4,11.99
968,4,11.99
969,4,11.96
970,4,11.85
971,4,12.04
972,4,11.47
973,4,11.3
974,3,11.53
975,3,11.63
976,3,11.78
977,3,11.81
978,3,11.79
979,3,12.02
980,3,12.04
981,3,11.98
982,3,11.87
983,3,12.04
984,3,11.97
985,3,11.99
986,3,11.85
987,3,11.85
988,3,12.01
989,3,11.94
990,3,12.1
991,3,11.86
992,3,11.87
993,3,11.79
994,3,11.62
995,3,11.76
996,3,11.69
997,3,11.71
998,3,11.7
999,3,11.88
1000,3,11.91
1001,3,12.15
1002,3,12.32
1003,3,12.29
1004,3,12.31
1005,3,12.28
1006,3,12.39
1007,3,12.39
1008,3,12.51
1009,3,12.51
1010,3,12.52
1011,3,12.42
1012,3,12.18
1013,3,12.29
1014,3,12.21
1015,3,12.13
1016,3,12.23
1017,3,12.18
1018,3,12.11
1019,3,12.03
1020,3,12.1
1021,3,12.16
1022,3,12.3
1023,3,12.26
1024,3,12.45
1025,3,12.4
1026,3,12.41
1027,3,12.48
1028,3,12.5
1029,3,11.59
1030,3,10.96
1031,3,11.11
1032,3,11.18
1033,3,11.23
1034,3,10.6
1035,3,10.36
1036,3,10.81
1037,3,11.04
1038,3,11.32
1039,3,11.39
1040,3,11.69
1041,3,11.5
1042,3,11.01
1043,3,11.03
1044,3,11.22
1045,3,11.49
1046,3,11.58
1047,3,11.31
1048,3,11.31
1049,3,10.53
1050,3,9.74
1051,3,9.77
1052,3,10.19
1053,3,9.89
1054,3,10.33
1055,3,10.37
1056,3,10.71
1057,3,10.87
1058,3,10.89
1059,3,11.26
1060,3,11.42
1061,3,11.37
1062,3,11.48
1063,3,10.94
1064,3,10.19
1065,3,9.21
1066,3,8.56
1067,3,8.0
1068,3,7.48
1069,3,7.2
1070,3,6.99
1071,3,8.42
1072,3,9.48
1073,3,10.28
1074,3,11.23
1075,3,12.17
1076,3,12.67
1077,3,13.45
1078,3,13.87
1079,3,14.32
1080,3,14.8
1081,3,15.28
1082,3,15.7
1083,3,15.98
1084,3,16.27
1085,3,16.31
1086,3,16.46
1087,3,16.72
1088,3,16.46
1089,3,16.42
1090,3,16.52
1091,3,16.48
1092,3,16.34
1093,3,16.8
1094,3,16.87
1095,3,17.12
1096,3,17.43
1097,3,16.74
1098,3,16.99
1099,3,17.27
1100,3,17.58
1101,3,17.92
1102,3,17.42
1103,3,17.28
1104,3,17.04
1105,3,16.78
1106,3,16.62
1107,3,16.45
1108,3,15.54
1109,3,15.03
1110,3,14.58
1111,3,14.39
1112,3,14.47
1113,3,14.16
1114,3,14.22
1115,3,14.24
1116,3,14.47
1117,3,13.92
1118,3,13.37
1119,3,13.19
1120,4,13.76
1121,4,13.25
1122,4,13.1
